user_id	target	reservoir_reachable	deploy_reachable	raw_llm_rank	raw_llm_band	final_score_rank	final_score_band
AGREQTMEJODOVFDZYVXKI42OIQCA	Sundhed Natural - Original Extra Strong Pure Sambucus Elderberry Supplement Capsule with Liposomal Vitamin C and Zinc for Men and Women's Daily Immune Support, Men and Women Antioxidant, 1300mg	False	False		absent		absent
AHEVTN6XIEHDLQ343LZREGE43TMQ	Turmeric Curcumin with C3 & BioPerine | 1000mg per Serving | 120 Vegan Capsules	True	True	1	1	1	1
AGRLJPIO7OY2VWW3O65VC5J5OOPQ	XUYU Infrared Heating Pad Natural Jade Tourmaline for Back Neck Shoulder (28” x 17.3”) Smart Controller with Memory Function, Auto Shut Off and Travel Bag Included	False	False		absent		absent
AHU3PHXO5ROPM42MGBGX2WN6IX6Q	Refrigerator Deodorizer - Fridge & Freezer Odor Eliminator and Air Freshener - Refrigerator Food Life Extender	False	False		absent		absent
AGM4HAUSOYKR2MJQT455PMMR2O5Q	SVAKOM Cock Rings Set Super Soft Silicone Penis Rings Premium Stretchy Adult Sex Toy Erection Enhancing and Orgasm for Men Longer Harder Stronger Erection	False	False		absent		absent
AHUFYWI5AYLULZOTO6PY6OPDFRLA	Pure Support Calf Compression Sleeve	True	True	1	1	1	1
AG7LSBOUNA5TZLJ34IDVEOKQDRTA	Avon SKIN-SO-SOFT Bug Guard PLUS IR3535® Insect Repellent Moisturizing Lotion - SPF 30 Gentle Breeze, 4 oz	True	True	1	1	1	1
AF2FRCZU2HEUQFCVSMBOT4X2QOYA	Economy Central Monitoring Unit	True	True	6	6-10	4	2-5
AHG2RNCZQZ742H3IZRTAOD6NNOXA	co2CREA Travel Carry Organizer Storage Hard Case bag for truMedic TENS Unit Electronic Pulse Massager.	True	True	1	1	1	1
AFMXWYMWXUDQWIR5Q4IJNFTDQTKA	onaEz Sleep Mask, 2021 Adaptive Adjustment 3D Eye Mask for Women Men Light Blocking Sleeping Mask with Adjustable Strap, Soft Eye Cover Night Sleep Mask for Travel, Nap, Yoga - Black	False	False		absent		absent
AFJTRQHHEHWXHFCGSQLAGHBT3U4A	Luster & Lum Collagen Peptides | Support Beautiful Hair, Skin & Nails, 10g of Premium Collagen | Unflavored | 20 Packets	False	False		absent		absent
AFZ4JRFX5LKY5BD7ECW76VCI5EFQ	Nasal Aspirator for Baby | Baby Nose Suction | Electric Booger Remover for Baby and Toddler, Rechargeable Baby Nose Cleaner with Soothing Function, 3 Suction Levels & 3 Nozzles (005)	False	False		absent		absent
AHTJBZOAYLBWJU77QEDEMHUPBYVQ	Christopher's Original Formulas Lung & Bronchial Supplement, 2 Fluid Ounce	False	False		absent		absent
AEXP4AULLRFINXRFJ3FXQDFYYOWA	Facial Tissue 6 Packs, 120 Count Tissues Per Tube Portable Cylinder Box Roll for Office Car Home (Green)	False	False		absent		absent
AEDUJJPTFO237AG73RBLZV6QZZ4A	Dentemp Tooth Repair Kit - Dental Repair Kit with Dental Cement, Refil-it Lost Filling Repair and Recap-It Loose Caps - Tooth Filler Kit for Broken or Lost Filling, Cap or Crown	True	True	1	1	1	1
AESMEFOVUX4NQIMYIO3HI37YBKHA	Air Purifiers for Bedroom Home, AMEIFU Hepa Air Purifier with Aromatherapy, H13 HEPA Air Filter Cleaner for Smoke, Dust, Pets, Warm White (Available for California)	False	False		absent		absent
AE3JQNATEYY5EP4WO3DY3BFHQKGQ	Yoder's Good Health Recipe Tonic, 25 Fl Oz	False	False		absent		absent
AEKE6EYN5RTJTWNBQZYX5MC27OOA	Traumeel 100g (Pack of 2)	False	False		absent		absent
AHIDLUR7NG6U5SQRM3OS2G6NCSQQ	Dr. Cocoa Mucus Relief Medicine, 4 Ounce	False	False		absent		absent
AFLDPLQYJ6C6SV5MNO2TEMBUDEWQ	Professional Formulas, Shingles Nosode Drops, 2 Ounces	False	False		absent		absent
AENJMG3V5RO5T43C6SY5O3LDDMAQ	Curcumin + Ginger - Maximum Strength Turmeric Capsule Supplement with Ginger Extract and Black Pepper - Supports Skin, Joint, Mobility, Antioxidant Immunity by Vitamorph - 60 Veggie Caps	False	False		absent		absent
AEJU3Z6HDAERETMYI2CXBQVPPDFA	Professional Facial Steamer: Face Steamer for Facial Deep Cleaning with Aromatherapy Kit and Blackhead Removal Tools, Vaporizador Facial Steamer for face. (Pink)	False	False		absent		absent
AEEYABBPOWJ62NLOMVCVJFLHMU5Q	KitchLife Reusable Bamboo Paper Towels - 1 Roll = 4 Months Supply, Taffy, Washable and Recycled Paper Rolls, Zero Waste Sustainable Gifts, Environmentally Friendly	True	True	3	2-5	3	2-5
AEKSBHNYOVXRGKTHFP6LW4TAZOQA	Gold Birthday Banner - Glitter Not a Day Over Fabulous Banner - Birthday Decorations Supplies for Women - Birthday Party Anniversary Party Decorations	False	False		absent		absent
AERYC45GJRTU4S4BOXVEV3J2KHXA	HELLO HEALTH Feelin Belly Great	True	True	1	1	1	1
AHCJEZENFLVZ435QPKYPRH7BFNEQ	"Microfiber Cloth Mop Replacement Compatible with O-Cedar Microfiber Cloth Mop Refill for 0.8"" Diameter Mop Handle– 3 Packs"	False	False		absent		absent
AGUEXUDA7ZTAXX454YEQ6JAMAFTQ	CARBON-OFF!® Heavy Duty Carbon Remover -Aerosol, 1 count	False	False		absent		absent
AFLSRTFYZHOP3U5S27MWUH7KEZXQ	DMSO Gel with Aloe Vera, 4 Ounce	True	False		absent		absent
AEZAZQGLPKXLXU4I4WTDM2BJPBFA	PNSSL 2 in 1 Duble-Sided Heated Eyelash Curler, Rechargeable Electric Heated Lash Curler with 3 Temperature Gears, Quick Heating Eyelash Curler, Natural Long-lasting, Eye Beauty Makeup Tools for Women	True	True	1	1	1	1
AEI2TWH7BUSHC5YVK4KCCYPPMXZA	Trace Minerals | Liquid Gut Health | Support for Gut Lining, Normal Digestion, Immunity, Metabolism, Detoxification | 10 mg Humic & Fulvic Acid | Unflavored | 32 fl oz	False	False		absent		absent
AFJ6VAHP3BBLGACZIAHLYQK7OKVA	Natural Chemistry Spray-on Cover Cleaner (1 qt) (2 Pack)	False	False		absent		absent
AHM5J3TBKQBAI4N45WZUIYWT33GQ	amscan Sports and Tailgating Spalding Party Basketball Plastic Table Cover (2 Pack), Blue/Red, 54 inches x 96 inches	False	False		absent		absent
AEZHDYJLWAJ7GQCQSOXRBDECKVQQ	Elephant Ear Washer Economy Bottle System by Doctor Easy	False	False		absent		absent
AEKXTYUG3TDE23OSH4VCP3MIPDFA	Assorted Flavored Professional Strength Tooth Polish - 200 Cup Box (Coarse Grit)	True	True	2	2-5	2	2-5
AF2FX6TUABQSN2JI3TDRA473EZ6Q	WSWJLH Electric Toothbrush with 9 Toothbrush Heads, 6 Modes, Deep Clean & Smart Timer, IPX7 Waterproof, White	False	False		absent		absent
AHBFC446AIQBMLC3U4SV6YJJERPQ	CRXFJCVJ Stainless Steel Cigar Cutter with Cigar Punch,Sharp Blade Guillotine Cigar Clipper Knife Accessories,Cigars Gift Set for Men (Cigar Cutter with Punch)	False	False		absent		absent
AHNS4IA3FTAYFENRMTJJ2XAKO7JQ	Heatless Hair Curler For Long Hair Curls，Adjustable Heatless Curling Rod Headband, No Heat Curling Ribbon Kit You Can Sleep In Soft Cotton Curling Ribbon Overnight For Women	False	False		absent		absent
AG7XZEG3CBNZY6VZTEQN2TVS6UWQ	"Reusable Green Fresh Bags 15"" x 9.8"" - Prolong Fruits, Vegetable, Flowers & More! 10 PACK"	False	False		absent		absent
AHFSCU6SMZHEAIR2MPSUOOSXIWLQ	Aneebart 2 Pack Electric Toothbrush,	False	False		absent		absent
AG5YU44WO7DDKPBSAW73ZOBTB3TQ	Pro Strength Foam Roller	False	False		absent		absent
AEHTFRBTIGN3CHY4JVNX7CLKKQSA	uxcell® Women 5 Layer Heel Height Lift Increase Insert Insole Pad Clear Pair	False	False		absent		absent
AGIFD6APDGM4WOBKI4LZ5JK7JT2A	32 Oral Care - 40 Count Peppermint - Effervescent Breath Crystals with IsoVoxy	False	False		absent		absent
AHZN4US7AUU7LAHV45KNDHVSTILA	PainBloc24 Flexi-Stretch Adhesive Pain Patch — Topical Patches with Lidocaine 4% — Maximum Strength Relief for Back, Knee, Muscles — 10 Strips (1-Pack)	False	False		absent		absent
AEGYU6OM2X66SMZN6AF3TSQ3N5PQ	Wellforia Hair Gummies - Nail & Hair Vitamins - 60 Gummies, Delicious Berry Flavored Multivitamin Gummy to Help Support Natural Hair & Nail Growth, Men and Women’s Daily Biotin Supplement	False	False		absent		absent
AERRN4REXN4QGV2JO55IZK3CEEWA	Headache Migraine Relief Hat - Hot & Cold Full Surrounding Migraine Relief Mask Ice Pack Cap, for Tension Sinus Headache, Fever, Stress Relief, Puffy Eye, Dark Circle, Sports Cold Compress (One Size)	False	False		absent		absent
AF6FW2YCO4QLGTGXMPJXF6O4MYDQ	US Organic 100% Pure Peppermint Essential Oil - USDA Certified Organic - 10 ml Pack of 2 - w/Improved caps and droppers (More Size Variations Available)	True	True	1	1	1	1
AEIUNJHVDN7F32YA5PZZ63NR47DQ	Rock Doctor Granite Sealer for Marble, Stone, and Tile Countertops, Streak-Free Finish with Stain Resistant Moisture Protection, Interior and Exterior Use, Pack of 1	False	False		absent		absent
AFP2XHBRF4A47JAWKI6434QOQ5LA	Ankle Support, Ankle Brace for Men & Women, Ankle Support Brace for Ankle Sprains, Sprained Ankle, Ankle Braces, Volleyball, Basketball, Ankle Supports for Women-L	False	False		absent		absent
AGIBNRDGNYYXYZTAVO3TZIRQ7KHQ	"Evolve Skins Toilet Paper Roll Patent Artwork ● Old Vintage Style Design ● Primitive Decor Rustic Look ● Paper Poster ● 11"" x 8.5"" inches (White)"	False	False		absent		absent
AESSNJRRUASW2OEEHAKCKV53LM2Q	Crest Pro-Health Toothpaste Whitening Fresh Clean Mint 4.2 Oz	True	True	1	1	1	1
AF7M2UQX3VQC7F2EK5WIK4KTNLAA	Emjoi Micro-Pedi 3D Power Callus Remover (Twice as Effective, with Unique 3D Motion)	True	True	25	>10	8	6-10
AHTMGIDQ6OXJFMCUF6F74TWGR4OA	Bekith 12 Pack Facial Sponges for Daily Cleansing and Regular Exfoliating - Buff Puff Style Exfoliating Pads Perfect for Removing Dead Skin, Dirt and Excess Oil	False	False		absent		absent
AEEVXEJYV4A5CPDDHK63IRSDTPOQ	Pressure Point Therapy Kit: The Complete Do-It-Yourself at Home Treatment Manual-Includes Book and Chart Pack	False	False		absent		absent
AHEIQT4CBKAM5X5LSSIBRWMRJI6A	PHYLIAN Teeth Whitening Strip for Sensitive Teeth - 42 Strips 21 Treatments, Non-Slip White Strips Teeth Whitener for Teeth Whitening	False	False		absent		absent
AGNQBABPRXZL37JMSUZSDP7JHPEA	Caveman Dark Chocolate Coconut Almond & Sea Salt Almond 22 Ct.	False	False		absent		absent
AHPC64W66R4U3FS5HYZTGTBLZO7A	Organic Peppermint, Camphor & Menthol Cooling Cream | Natural Pain Relief Cream | Joint & Muscle Rub | Cooling Foot Lotion | 4oz	False	False		absent		absent
AFRWC7N5PWTYLWZ3E47ZWMFNZ4WA	ASUTRA Natural & Organic Yoga Mat Cleaner (Mindful Lemongrass Aroma), 4 fl oz | Safe for All Mats & No Slippery Residue | Cleans, Restores, Refreshes | Comes w/Microfiber Cleaning Towel | Deep-Cleansing Natural Cleaner for Fitness Gear & Gym Equipment	True	False		absent		absent
AE7TWJ7EBLINX2WOUO5OCQN2WJCA	Zinc Oxide Powder 1 lb. Non-Nano, Uncoated, 100% Pure USP Pharmaceutical Grade. Great for DYI Soap Making, Sunscreen, Sunblock, Deodorant, Baby Diaper Rash Ointment and Acne Cream.	False	False		absent		absent
AGSFT5BE5CWJ36VSWC5QJM74GG6Q	JUNP Hydration Electrolyte Powder, Electrolytes Drink Mix Supplement, Zero Calories Sugar and Carbs, Kosher, Peach Flavor, 90 Servings	True	True	1	1	1	1
AGPBLK2TIZU42KPLDX2ALX6CPFOQ	Premium Collagen Peptides by Ketond — Collagen Peptides for Nails, Hair, Joints and Skin — Unflavored (20 Servings)	False	False		absent		absent
AF5V6H6HUEPT6LB4BVNSWPXYNPHQ	TGUCITESEN Sonic Electric Toothbrush with 4 Brush Heads for Adults, 1.5 Hours Charging for 45 Days, 3 Modes, 2 Minutes Smart Timer, USB Fast Charge, Rechargeable Electric Toothbrushes. (White Big)	True	True	2	2-5	3	2-5
AGDQR7EYHX5Z7Q6OCXXTGHQZV7EA	Ohuhu Instant Dissolving Laundry Detergent Strips, 32 Count Eco-friendly, Biodegradable, High detergency, Maintains Clothes Original Colors, Protable Size Great for Travel, Dorm, Home, Fresh Scent	False	False		absent		absent
AE4JPPM4YPZ4EONHBXME6VWPVS2Q	Minilenses, Ultra Compact Reading Glasses 3.00 Diopter with a Soft Pouch for your Wallet and a Hard Case for your phone	False	False		absent		absent
AHDMZFFHHHXJBFMS66QIGO2ZJPDQ	Christmas Self Adhesive Labels Gift Tag Stickers Santa Snowmen Xmas Tree Deer Christmas Festival Birthday Wedding Holiday Decorative Presents Labels Decals Christmas Gift for Friends 150 Pack	False	False		absent		absent
AGUXPL33B67HSVONEGZINYLL6ERA	Lavender & Bergamot Liquid Dish Soap - 18 fl oz - Everspring	False	False		absent		absent
AHYEW4CL62KY2W4DV7KYVBQV5ISA	First Aid Kit for Car, Home, Traveling, Camping, Office or Sports | 200 Pieces Bag Equipped with Medical Supplies for Emergency and Survival	False	False		absent		absent
AGL7SGT7WNQ2F272UCJGAZIPZHMA	Probiotics 40 Billion CFU Supplement - Dairy Free Lactobacillus Acidophilus for Women Men, Support Digestive Health, Constipation,Candida,IBS,Yeast, Immune System	False	False		absent		absent
AG3W2TKTA44A6RST3VBKHWUPFG2Q	Silk Sleep Mask - Tara Sartoria Artisan Handmade - Silk Eye Mask for Sleeping, Machine Washable 27 Momme Natural Mulberry Silk, Sleep Mask, Silk Mask for Women and Men, Eye Covers, Blindfold	True	True	10	6-10	16	>10
AGV7WG4PSE5O7NPO42JJ6CBI57LA	Pill Case - Portable Travel Medicine Organizer and Holder for Purse or Bag. Daily Pill Container. Suitable for All Size Medications, Vitamins or Supplements. 4 Compartments (Flattering Peach)	False	False		absent		absent
AFUXRD6UI4YBW627UPRZ3DKQ5QBQ	Tungsten Carbide Diamond Nail Drill Bits Set KeyEntre Nail File Bits 7pcs 3/32 inch for Acrylic Gel Nails Cuticle Manicure Pedicure, Nail Art Tools for Cuticle Gel Nail Polishing	False	False		absent		absent
AEFSQKDRG554IMY6XRALCNPXE25Q	Pre Workout for Men Muscle Gain - Clinically Dosed for Strength, Endurance & Muscle Building - Includes Creatine Monohydrate, Citrulline Malate, Beta-Alanine, Betaine Anhydrous - Strawberry Kiwi	False	False		absent		absent
AG3TEZCKA4XYQCBSPHYFGRPEJ7SA	Hermesetas Mini Sweeteners Original 1200 Tablets (1)	False	False		absent		absent
AHZGQXTGR3WB6CQR3PP2TB2YPTUA_2	New! Early Pregnancy Tests, 3 Count - Test 5 Days Before Your Missed Period	False	False		absent		absent
AFRMOOG7VG4WSGTOQCQMGLIGC5LA_1	Facial Steamer Home SPA Humidifier Skin care in House Unclogs and diminishes enlarged pores Bonus 4 Piece Stainless Steel Skin Kit	False	False		absent		absent
AGTW6ZGPUAORQ7X6CNBP6PJW7OTA	Go Healthy Vitamin D3, USDA Organic, Vegan, Whole Food from Lichen - 25 Mcg (2,000 IU) for Adults, Supports Calcium Absorption, Immune and Bone Health, 60 Plant Based Tablets - 60 Daily Servings	False	False		absent		absent
AHDYWEPU7QZTV4THNKEIDLINVXFA	Dental Floss Picks - 200 Count JIVWOO Biodegradable Floss Picks Not Broken Eco Friendly Health Professional Protects Teeth 200 Count	False	False		absent		absent
AEQAFW6FOHHF2TREUGNMNZX7XIMQ	Clean Republic All-Purpose Everyday Household Cleaner, Hypochlorous Acid, Multi-Surface, Non-Toxic, Safe for Kids & Pets, Unscented, 16 Oz (2 Pack)	True	True	2	2-5	4	2-5
AFX75C3ZAE2NW474FKDCYCHNM3LQ	PQ Wax Ear Plugs for Sleeping - 12 Small Reusable Moldable Noise Cancelling Sound Blocking Reduction Earplugs for Sleep & Swimming - Sound Blocking Level 32 Db (12 Pillows)	False	False		absent		absent
AGWOOXMW2IXPKZOWAIWNMCXY7LBQ	9 in 1 Immune Support Gummies	True	True	2	2-5	1	1
AFVC4TXRN33O5XHFUERPGJ5QPFSA	Julian Bakery Paleo Thin Protein Powder | Egg White | Unflavored | 25g Protein | Soy-Free | GMO-Free | 4 LBS | 60 Servings | 2 Pack	False	False		absent		absent
AHAGPTARNI2TXFWMVK23VDNMPYFA	Topical Ancient Minerals Magnesium Lotion – for Leg Cramps, Joint Support, & Muscle Soreness – Non-Greasy Magnesium Lotion with Shea Butter, 30 Mg. Mag. per Pump, 5 Oz.	True	True	6	6-10	13	>10
AGJUT6YN6E6DTUAJNBVTYNW4WXVQ	Amazon Elements Women’s One Daily Multivitamin, 59% Whole Food Cultured, Vegan, 65 Tablets, 2 month supply (Packaging may vary)	False	False		absent		absent
AHPBSHI3AHCHDW55K4ZMGLLMZCKQ	New My Snoring Solution Jaw Strap W Bonus Sleep Package and Travel Bag	True	True	1	1	1	1
AFXY53KB6FCM7XJ3T7ODPYFG5MQA	The Honey Pot Company - Everyday Panty liners - Organic Pads for Women - Herbal Infused w/Essential Oils for Cooling Effect, Organic Cotton Cover, and Ultra-Absorbent Pulp Core - Feminine Care - 30 ct	True	True	1	1	1	1
AG5C4JW3AD2DZBF22SOW6VB7HDTQ	Curcumin + Ginger - Maximum Strength Turmeric Capsule Supplement with Ginger Extract and Black Pepper - Supports Skin, Joint, Mobility, Antioxidant Immunity by Vitamorph - 60 Veggie Caps	True	False		absent		absent
AGBXKVHES2LPMOLQY32CGSYRBOVA	Vita Heaven Alpha Lipoic Acid ALA Supplement for Reduced Aging and Increased Energy, 300mg, 60 Count	True	True	4	2-5	3	2-5
AE2UOP2Q6AV2N43FWQQ5LB7LYFFA	Long Day Intra Workout – Coconut Water Powder for Electrolytes, BCAAs for Energy, Peak ATP and Peak O2. 20 Servings- Orange	False	False		absent		absent
AHYUFOFTGNEV4TGMQLASS6EA7QAQ	RooRuns Plantar Fasciitis Arch Support Insoles for Women Men, Running Athletic Orthotic Shoe Inserts, Work Boot PU Gel Metatarsalgia Insoles for Arch Pain Relief, Heel Spurs, Flat Feet, OverPronation	True	True	1	1	1	1
AGCUMJVNO3YVQVD6TCYDZW5KGPIA	EBPP Odor & Stain Eraser - Made in The USA - Pet Odor Absorber and Room Deodorizer for Home Use - Odor Remover and Urine Odor Eliminator - Lavender Enzyme Carpet Cleaner	True	True	9	6-10	3	2-5
AGPUNPZAPRZDR5JRZM65MSSBV77A	MONQ Essential Oil Blend, Roll On, SLEEPY - Pure Essential Oils in a Carrier Oil Blend - A Blend of Bergamot, Chamomile and Lavender Designed to Lull You to Sleep - Feel Rested - Doctor Approved	True	True	25	>10	2	2-5
AEALJC24EXMCWADAP4OI5R3TM3ZQ	ACEVIVI Digital Anti Static Lightweight Ceramic Hair Straightener Brush Pink	True	True	1	1	1	1
AF77WIID7TAGOWST2NGGZQIRMEOA	Vegan Organic Apple Cider Vinegar Gummies Vitamins by Clever Life Rx, Dietary Supplement - Raw, Unfiltered Healthy Detox & Weight, Support Immunity Gummy (60 Count with The Mother) B9, B12 Cranberry	True	True	24	>10	7	6-10
AGFXDSQOYFSRW5ACFDF2ZO2BVGMQ	Garden of Life Organic Fit Protein Bar - Peanut Butter Chocolate 1.94oz x 4 Bars(Total 7.76oz), Pack of 1	False	False		absent		absent
AGJDDGXMJFWUVAPWYWT6452FFQSA	Sharper Image Spahaven Foot Bath, Heated Spa with Massage Rollers & LCD Display, 108 Degree Heat with Insulated Walls & Pumice Stone, Soothe & Rejuvinate Tired Feet, Aromatherapy Holiday Gift	True	False		absent		absent
AFT4BDXLRZLX2PE3EYING24EU6PQ	Hose and Pipe Maintenance Sheets Compatible with MD Central Vacuum	False	False		absent		absent
AGJMFZTPF6U5YYBTNDRLPC24MCYQ	6 Sheets(24PCS) Women Lady Girls Clear Silicone Gel Slim Thin Self Adhesive Back Heel Tape Anti-wear Foot Stickers Liner Relieve Pain Shoes Insert Insole Cushion Affixed Care Great for High Heel Shoes	False	False		absent		absent
AHESLPFDDYHCAFLFXLGDCYQTGJKA	DII Women's Adjustable Shower Wrap with Self-Fastening Closure, Small/Medium, Ruby	True	False		absent		absent
AGYXTEI27GAFI7JHMS7FNYME7WUQ	BONESD3 by Newtrition, Vitamin D3 Supplement, High Potency 2,000 IU, Bone Health, Immune System Support	False	False		absent		absent
AHEGG2UR5JP3QJOJDTGILIHAZU6A	Menicon LacriPure Saline Contact Lens Solution, For Lens Rinse & Insertion, 98 Vials, 5ml	True	True	1	1	1	1
AGFUX7DGNILRDM5OFGNDYM5PFYQQ	Aluminum Pill Case Waterproof Container Key Chain - Medicine/ Herb/ Emergency EDC Key Ring	False	False		absent		absent
AEN3KIABFED6QQIDXTND4P3JT3XA	Jax Wax Commercial Grade Velour Upholstery and Carpet Cleaner	False	False		absent		absent
AG3ZVZI24CBBKNMTD3OKPCAZPHLA	Reading Glasses -9501HP - 4 Pack - Blk Brown Tux & Sun Blk - 1.50	False	False		absent		absent
AHMYXYPB4BRRC3IKIZF2LUWRPMGA	Best Fat Burner - SKALD Oxydynamic Fat Scorcher - Intense Energy and Fat Loss, Respiratory Support, Appetite Control 60 capsules	False	False		absent		absent
AE73PQKZLIB4UZKZI3VFUUN6GMRQ	Evolution Advance Nutrition Fermented L-Glutamine Amino Acid Muscle Recovery Capsules, Nutritional Supplement for Post Workout (500 Milligrams)	True	True	1	1	1	1
AFYCNDMBZBUYR3NKVENCSFIZ2O2Q	Res-Q 1250 Omega-3 Lemon Coated Fish Oil Capsules	True	True	9	6-10	3	2-5
AF4YLRYCJNO3F6T6VMPJTWKDLENA	Football Game Day Bingo Set (36 Pack)	True	True	1	1	1	1
AECLWMHFVDNA3PGVDBN7YR2XVPLQ	15 Pcs Nail Clippers, Rainbow Color Toenail Clippers Manicure Set Pedicure Tools Nail Clippers for Women Stainless Steel Nail Clippers Nail Clipper Set Provide Hands Foot and Face Care for Men Women	True	True	1	1	1	1
AHSVJMHDK5QDQRRWZBPJCUSPM36A	Pure Omega Plus - Fish Oil - 16.8 Ounces	True	True	1	1	1	1
AENORISGVQ25FHOH2PIQU4N67ZGA	McKesson Medi-Pak Performance Slipper Socks - Bariatric (Extra Wide)	False	False		absent		absent
AF4KQTMWVCWCJN3MX2PX4JXCAHHQ	Mountaintop Toiletry Bags,Hanging Toiletry Kit For Men & Women-Portable Toiletries Kit For Makeup,Cosmetic,Shaving,Travel Accessories-6107 (Boysenberry)	False	False		absent		absent
AHDPHFXR4MC5YHD4SUHMDUYH7GGQ	Natural Shoe Deodorizer Spray for Foot Odor & Sport Gear - INSTANT Shoe Odor Eliminator w 12 Essential Oils & Enzymes - Odor Eaters for Shoes, Foot Spray, Gym Bag Deodorizer (4 oz.)	True	True	1	1	1	1
AFVDAAD7GFIJOEV72OJJK6K4VMNA	FootFitter INCH-Master Unisex Waistband Stretcher - Easy to Use, Extend & Stretch Jeans, Pants/Trousers, Shorts & Skirts	True	False		absent		absent
AFKGVYZLT5LH3UKZ7EFWLFBUJNQQ	Carlson - The Very Finest Fish Oil, 1600 mg Omega-3s, Liquid Fish Oil Supplement, Norwegian Fish Oil, Wild-Caught, Sustainably Sourced Fish Oil Liquid, Lemon, 200ml, 6.7 Fl Oz	True	False		absent		absent
AF3L2FINI6GPMNTQXPV76IV2TE7A	Succulent Plant Flower Pot Silicone Mold Gypsum Cement Fleshy Flower Bonsai DIY Ashtray Candle Holder Mould (A)	True	True	3	2-5	2	2-5
AEV24CWAUZLIBJTT6YWFXP64YI7A	Bath Bombs Gift Set 12 Fizzies, Shea & Coco Butter Dry Skin Moisturize, Perfect for Bubble & Spa Bath. Handmade Birthday Mothers Day Gifts idea for Her/Him, Wife, Girlfriend	False	False		absent		absent
AFXOCEOMF2XSBV57VCXSETCPGWXQ	Kiss My Keto Creamer Hot Chocolate Mix — No Carb, Sugar Free Cocoa Powder + MCT Oil (9g) | Cocoa/Mocha Ketogenic Creamer for Coffee, Keto Shakes, Creamy Hot Cocoa (30 Servings) (1 Pack)	False	False		absent		absent
AEYLTTG6BD636LJSNQICVOWDJLDA	NATALIST Omega DHA Fish Oil Fertility & Pregnancy Support Supplement Pure Marine Lipids Triglyceride EPA & DHA Formula for Women Enteric-Coated No Fishy Aftertaste Gluten-Free - 60 Softgels	False	False		absent		absent
AF6FD5WPVUDPKGEE4FN6SKKIUXMQ	YiFeng Male Electro Chastity Cage Device Belt Cuff Ring Men Bondage 57 (Clear)	False	False		absent		absent
AGNYAJMNG3B2FWDAL6JPEX2T52QQ	4D Heel Cushions Inserts, Heel Grips Liner for Loose Shoes, Improved Too Big Shoe Fit and Comfort, Self-Adhesive Heel Pads for Women Men (2 Pairs, Orange)	True	True	1	1	1	1
AES36UAC76JMP7BJ7ZDQCSS4KTMQ	Universal fit Mouthpiece for Respiratory Equipment – Set of 7	False	False		absent		absent
AGHF7D4E53EPSZHAK5UFANFOP2PA	Q-Link Acrylic SRT-3 Pendant (Sleek Blue)	True	True	1	1	1	1
AFLJH2WSAZTXNLSRFFMNTX267ITQ	Cocoa Bean Facial Scrub	False	False		absent		absent
AGNLPA354S3FXAGZ3FQP37X2MLZA	Nail Clippers Set, Ultra Sharp Fingernail and Toenail Clipper Cutters with Visibly Tin Case by HAWATOUR - Silver	False	False		absent		absent
AF3YEJ63COKWZNJHQ2JQP5B6AQ3A	Doctor Who Gallifrey Falls No More Juniors T-shirt (Extra Large, Black)	False	False		absent		absent
AEVOU7PXGR3XJCZVMSK6GKPVIPYQ	COSYLIFE Professional Dermaplane Tools with 20 Replaceabl Blades, Peach Fuzz Removal Eyebrow Shaper	False	False		absent		absent
AESLDNN3F66RZXOYLPZ7Z537Y5MQ	Pure Acres Farm Essential Oils Roller Bottles with Recipe eBook, 6-Pack, Cobalt Blue	True	True	1	1	1	1
AEUIEAVWJMUP3XUP2WWFYWHZLMLQ	Metatarsal Pads Ball of Foot Cushions for Women, 6 PCS Breathable Soft Forefoot Pad	False	False		absent		absent
AG2DMA6MJWPJCWNFV4JQCBXKKNNQ	Brite & Clean Ultimate Hard Water Stain Remover, 6 Ounce (Pack of 1) (A-SCS-1)	False	False		absent		absent
AFIQDNWL5N3DF5VOKG2JAQIDABBQ	Organic Doctor Tea Tree Face Wash, 6.8 Fluid Ounce	False	False		absent		absent
AFEAFWD6YC4RT5UVS2VSL57YAZWQ	World organic Liquid Chlorophyll 100mg (16oz, 1 Pint) by World Organics	True	True	3	2-5	3	2-5
AH63XTJMDZRYJOG7Q5Z36R3KEG3A	Heated Sleep Eye Mask 3D Ergonomic Design Graphene Material Quickly Heated, Magnet Suction Wire Long-Lasting Heat, Breathable and Soft, Suitable for Nap Travel Decompression Relief Migraine Dry Eyes	False	False		absent		absent
AFTOJE6AK7BKAV235EC6K54BXXRA	Best Earth Naturals Stay Up Energy Booster Energy Vitamins with Guarana, B Vitamins and More for Energy, Endurance, Stamina, Focus Support and to Help Stay Alert 30 Count	False	False		absent		absent
AHZTLIV6ZHPGSLNSXMODLEKP62FQ	Plaque Remover for Teeth Tools-NIYPS Electric Ultrasonic Tooth Cleaner with Teeth Cleaning Kit, Portable Dental Calculus Tartar Remover for Teeth,Plaque Blaster for Human Adult Teeth	False	False		absent		absent
AGCJZO33ZPQUYLJJRHTMJOWHVFZQ	GloFX Spiral Ultimate Diffraction Glasses – Rave Prism Grating Glasses Rainbow Firework Spirals	False	False		absent		absent
AECQK37EJ3B7J3ENJHHLIHVJBK5A	Keto F1 1300mg - 1 Month Supply 60 Caps	False	False		absent		absent
AFF3N5TU6RIRBNITB5L2Z27AGCQA	Pure Hydration Coconut Water Drops, 30 Servings, 1oz, Pack of 2 (Packaging May Vary)	False	False		absent		absent
AFHTENNBIQN5MBTGZXM77SJ7DXMQ	GoodBye Styes Chalazions and Blepharitis (Packaging May Vary), 1 Fl Oz (Pack of 1)	True	False		absent		absent
AHYBRS22MSX2FK6272HYZ7ZZQPPA	Morcte White 13 Gallon Compostable Trash Bags, 100% Certified Biodegradable Compost Bags, 100 Counts	True	True	1	1	2	2-5
AHET7OSN6CZLE75QVDJNISTJYINQ	JYM Supplement Science Plant Jym Oatmeal Cookie, 2 Lb, Oatmeal Cookie, 2 Pound	True	True	1	1	1	1
AGOJBLDLSYMGSMLHWSVLJOVIHIXA	Completely Keto Shake Meal Replacement Powder for Weight Loss - Low Carb Smoothie Mix Alternative to Protein Shakes, Strawberry Flavor	True	True	1	1	1	1
AFYFVBKKIQSP7ZJSVTT6KWAPFVJQ	RHINO RESCUE Medical Tourniquets One-Handed, Emergency Hemorrhage First Aid Kit, Combat Outdoor Control Life Saving EMT Mil-Spec Tactical with Windlass 4pcs Coyote	False	False		absent		absent
AFFVFNCDM4Z2EBCYIRBQ2ZOTYJ7Q	Puffs Plus Lotion Facial Tissue (Old)	True	False		absent		absent
AFT2YBRIT2DN2XGAMR7KMBF2AX2Q	AKOMA Microfiber Heavy Duty Dust Mop for Floor Cleaning with Extendable Long Handle Laminate Hardwood Tile Dry Wet Flat Mop with 2 Washable Replacement Pads	False	False		absent		absent
AEUCN6SJ5YJISLPI27BLLWTSXCOA	Water Based lube for Couples, Premium High Performance Personal Lubricant	False	False		absent		absent
AFB4VVWNY3ZHRD66KNQLFPUK4I3A	DII Women's Adjustable Shower Wrap with Self-Fastening Closure, Small/Medium, Ruby	True	True	1	1	1	1
AGZKLDUDYELPMHACIWTGAYSQHSSA	FAJ Love Extra Large 43 Inches Balloons Sale	False	False		absent		absent
AGLQLEFPK75BT73KO5MR77KDO6JQ	Air Purifiers for Bedroom Home, AMEIFU Hepa Air Purifier with Aromatherapy, H13 HEPA Air Filter Cleaner for Smoke, Dust, Pets, Warm White (Available for California)	False	False		absent		absent
AHBXTSYI3ZKDKTL7IRBFGNSNR5YQ	Dental Floss Picks - 200 Count JIVWOO Biodegradable Floss Picks Not Broken Eco Friendly Health Professional Protects Teeth 200 Count	False	False		absent		absent
AGFIAHNNVSYTM7WZML7JTYRKQSTQ	Gel Beads Eye Mask with Eye Holes, Hot Cold Therapy Cooling Eye Mask Reduce Puffy Dark Circles Migraines Headaches Stress Relief (Gel Eye Mask(Blue))	False	False		absent		absent
AFFBJSGOL5BBJ5GQ5XJUIZGEPYEQ	Tooth Polisher & Whitener by Family Star SH	True	True	1	1	1	1
AFLW4QVB6RU6ATQT43KZCDBVZYEA	18Pcs Bath Bomb Gift Set with Natural Essential Oils, Perfect for Moisturize Skin & Bubble Bath, Bath Bombs for Women ,Best Choice for Valentine's Day, Christmas, Mother's Day and Birthday Girls Kids	False	False		absent		absent
AEMT3I6AICC5YI7Z5G2V4LEGYKPA	Charcoal Toothpaste, Activated Charcoal Toothpaste,Sensitive Toothpaste, No Fluoride,SLS Free,Activated Charcoal Coconut | Eliminates Bad Breath| Travel Toothpaste Bulk | Size 50 G (3 pack)	False	False		absent		absent
AF6RTFII4XB2EGU2C3SYBIRGG4VQ	GREEN BEAN Thank You Gift Bags, Gift Bags 7x4x9 Inches, Gift Bags with Handles, Rose Gold Gift Bags with Gold Foil (Pack of 6) …	True	True	3	2-5	4	2-5
AENALXICBEUWDJG6U2GYCGEVM3OQ	Lady Shaver and Trimmer for Women-Electric Cordless Bikini Trimmer Electric Painless Lady Shavers Rechargeable Wet & Dry Hair Removal Epilator for Face and Body,Arms,Legs Blue…	False	False		absent		absent
AEEFMPL6M7GFZ6J5XI65OOCNBQFA	think ECO Pet Washable Organic Cotton Finger Toothbrush Dog & Cat Teeth Cleaning 1 Set for 5 Finger(1 Set)	False	False		absent		absent
AHQN4YVZHLK7J7D6WYG6I3V5OUTQ	Mens Nose Hair Trimmer with Beard Trimmer Eyebrow Trimmer,Nose Hair Trimmer for Men Cordless Rechargeable,3-in-1 Nose & Ear Hair Trimmers for Facial Hair Body Hair Wet Dry Use Waterproof Shaver	False	False		absent		absent
AEV3Y7NL7OTMAGNFELG2ASSICTGQ	SO IN LOVE? Genuine Patented Czech Crystal Glass Double Sided Manicure Pedicure Mantra Nail File in Protective Leather Case by GERmanikure	True	True	26	>10	2	2-5
AGJTVKCTVS5LA5CM4D3VHEFZTJDQ	Electronic Foot File (Silver Gray)	True	False		absent		absent
AHC5U6K7JPJJ6HK52B7HNCA2QQLQ	RingZen Tinnitus Relief to Stop Ringing Ears Supplements, Effective And Natural Tinnitus Treatment for Ringing in the Ears with Citrus Bioflavonoids and More for Ear Ringing Relief (60 Capsules)	False	False		absent		absent
AFIJDN6LRIHZ2EZWFLBD7E5Y363Q	Omega 3-6-9 Gummies + DHA, Supports Brain, Joint, Heart, Eyes and Immune System Function for Men & Women - Vegan, No Fish, Gluten-Free	False	False		absent		absent
AFP5HDZTFBB67KU4ZNTU3QDW6GYA	Family Care Hemorrhoidal Ointment with Applicator (2 Pack)	False	False		absent		absent
AGNH4LNFEQ4F3GICQGLHKAD246YQ	Swanson Oregano Oil 10:1 Extract Immune Digestion Antioxidant Respiratory Health Support Dietary Supplement 150 mg 120 Softgels (Sgels) (2 Pack)	True	True	1	1	1	1
AEHOHNPBZBFTDTYUC3RKUU54UKQA	Generic Oral B Compatible Toothbrush Replacement Heads - 4 Brushes	True	True	1	1	1	1
AGFVNGZJ4XEFX2ULJNDCWJYRHQVA	Megacidin Biocidin Probiotic Throat Spray - Travel-Friendly Immune Support Spray with Botanicals and Probiotics for Kids & Adults - Daily Wellness + Microbiome Defense (1 oz)	False	False		absent		absent
AE4OU24LPOA34J6WCEF74LZWMGPA	FUSHIDA Adult Bibs for Eating, Extra Long & Water Resistant PVC Bibs, Washable Printing Cotton Cloth Cover for Disable Seniors, Adjustable Clothing Protector Bibs, Beach and Sunshine Color(FYH657)	True	True	25	>10	3	2-5
AEFUTW7OAJZABDWQ56RZWWLWQW5A	Drive Medical Deluxe Shower Spray, White, Pack of 1	False	False		absent		absent
AENZOOJIAVSTESKR6JVLVEU64HAQ	t:case (Purple)	True	True	1	1	1	1
AGF6GQKTIMVFEC6UAR7LNA5N2MHA	Pzaz Breath Spray - On-The-Go Energy - Caffeine and Vitamins - Sour Apple & Blue Zazzberry (Pack of 4)	True	False		absent		absent
AG6CLQEB3EN3273NGIM5BUR32FDA	YUANDIANDIAN Cane Tip 6 Pod Walking Stick Rubber Foot Replacement Support Base Black Anti-Slip Fit 3/4 Inch Shaft 1PCS	True	True	30	>10	30	>10
AFL724USW3WZMHFY5GFYSDZJ72CA	(3 Pack) - Prewetts - Org Instant Chicory Drink | 100g | 3 Pack Bundle	True	True	1	1	1	1
AFEC5FCOLJG7Y3Z5VD5V5VSG7IFA	Senna-S Tablets 60 ea (Pack of 8)	False	False		absent		absent
AGK474DUTDNGEGEFCYJDC3UK6YPQ	Avon SKIN-SO-SOFT Bug Guard PLUS IR3535® Insect Repellent Moisturizing Lotion - SPF 30 Gentle Breeze, 4 oz	True	False		absent		absent
AEP3VYNTGW3G6STRXJ5BG2S3BGMQ	KEZZLED- Designer Glove with Extended Arm Sleeves, Cut/Scratch/Heat Resistant with UV Protectors Abrasion Safety for Fireproof – Black, One Size, Made with Glass & Kevlar by DuPont, Pack of 2	True	True	1	1	1	1
AEKGCYWRANLOK454R3IP7K5MCKYQ	Liquid Iron Highest Concentration 150mg Vegan + Vitamin B12, Folic Acid Supplement 4 fl oz (23 Servings)	False	False		absent		absent
AHSZDIXO6JYIBZ37O4NTAY3BAOCQ	RoseMyst Professional Ceramic Hair Straightening brush ,Best instant magic hair straighter for hair styling (Golden)	False	False		absent		absent
AH64WUFBCSU75MKLMX2BYGJ5ZVHQ	Omega 3 Fish Oil Supplement 3600mg High DHA & EPA Natural Fatty Acids, Pure and Tested Wild-Caught Fish, Triple Strength Brain, Heart, and Joint Support, Burpless Subtle Lemon Flavor, 60 Softgels	False	False		absent		absent
AE4MX6BOTJEFI5NKIBWCGDCNHCOQ	3 Holiday Boxes w/Lids Nesting Tiered Cubes for Display or Presents	True	True	1	1	1	1
AHZQX4PCXXJROAR423UQFBDXCBHA	Nexcare Heavy Duty Flexible Fabric Bandages, Germproof, Assorted Sizes, 3 Count	False	False		absent		absent
AEBP2TUMX6TUX3R5ARPQHVM2FFIQ	Dr. Paine's Pain Relief Cream for Muscle Back Joint Aches and Pains Fast Acting Ointment with Menthol and Other Natural Ingredients	False	False		absent		absent
AHKLD37CGRRO3T37AEG5UBKXYACA	Fabal Silicone Brush Magic Dish Bowl Pot Pan Wash Cleaning Brushes Cooking Tool Cleaner Sponges Scouring Pads Kitchen Accessories (Z2)	False	False		absent		absent
AHSV4TYSAX52BIHH7PLZRD44KZHA	Spray Mops for Floor Cleaning,SZBJSMF Microfiber Dust Mop with 3 Washable Reusable Pads(400ml) for Hardwood,Laminate Floors…	False	False		absent		absent
AECIAC7LDXUJFLDRNPZIPJC4H3NA	Crystal Gem Brush Replacement Toothbrush Heads Compatible with Sonicare HX9023, 10 Pack	True	True	1	1	2	2-5
AEKZ3OFY2YH6QEF27HF6JY3X35FQ	FiGoal Ultraviolet Germicidal UV Lamp 110V 38W Sterilization with Three-Step Timing Remote Control for Household Disinfection Living Room Bedroom Household Kitchen Hotel Germ Virus Free	False	False		absent		absent
AGJYWRV7GLK4IO3QYUINVFTQLESQ	US Organic 100% Pure Peppermint Essential Oil - USDA Certified Organic - 10 ml Pack of 2 - w/Improved caps and droppers (More Size Variations Available)	True	True	20	>10	3	2-5
AEGUCGFMXNBRV6CX2UHRGVSUTOBQ	Dried Ginger Chunks - Low Sugar - Soft	False	False		absent		absent
AFWOYJ2XCZ2NWGIR2FLXNOC3OJIQ	Metatarsal Pads Ball of Foot Cushions - Soft Gel Ball of Foot Pads - Mortons Neuroma Callus Metatarsal Foot Pain Relief Bunion Forefoot Cushioning Relief Women	False	False		absent		absent
AFPBSMB2SRHHQLNK4R2ZLOFGWDMA	Carlson - The Very Finest Fish Oil, 1600 mg Omega-3s, Liquid Fish Oil Supplement, Norwegian Fish Oil, Wild-Caught, Sustainably Sourced Fish Oil Liquid, Lemon, 200ml, 6.7 Fl Oz	True	True	1	1	1	1
AFDJMYKKRRPPFYL5WES7GUOVNJ7Q	Vibrating Prostate Massager with Electric Shock	False	False		absent		absent
AH3JZIFOJKTG6Q6XUCTF4BVJOQMA	elecrtric mop for (Gray)	False	False		absent		absent
AHFZD3XWI3SMS4OLM5VKJHGVZE5A	Witch Hazel Face Toner - Anti Aging Ginseng Toner for Face & Skin Care by À La Paix - Pore Minimizer Facial Toner with Bee Pollen - PH Balancing Skin Care Product	False	False		absent		absent
AEC4SP3CGHHYJBTAKU3AIJVUROMQ	Nature's Way Nettle Leaf, 870 mg per serving, TRU-ID Certified, Non-GMO Project, 100 Vcaps	True	True	1	1	1	1
AFGTYSMOWZIA5E4XSNCWK6MIWETA	Puffs Plus Lotion Facial Tissue (Old)	True	False		absent		absent
AG3GWWXGZ46FD64HAQQLDXNPTEQA	Wrap-a-Nap Travel Pillow, Sleep Mask & Ear Muff. Adjustable Soft Fleece Neck and Head Pillow. Machine Washable. One-Size-Fits-All.	False	False		absent		absent
AGKZA457QG3WKFUCUR2DXAK4XX3A	Level UP Natural Energy by DailyNutra - Focus Supplement - Promotes Cognitive Performance & Reaction Time | Energy Pill with Green Tea Extract, TeaCrine, and KSM-66 Ashwagandha (90 Capsules)	False	False		absent		absent
AHDJYQGIUTCZOLFAZ5L6EJNSZTEA	HetCae 4 Gallon Trash Bags, White Drawstring Garbage Bags Extra Thick Small Kitchen Trash Bags Clear Trash Can Liner for Kitchen, Bathroom, Bedroom, Home, Office and Car,Unscented,90 Count	False	False		absent		absent
AE4CRFV46QHI3DKTUAILVQTPLEIQ	Oopee Toilet Room Spray - Odor Eliminator For Strong Odor Room Fresheners - Toilet Spray For Poop Odor Eliminator - Air Fresheners For Home Room Fresheners - Travel Size Bathroom Spray - Blossom Scent	False	False		absent		absent
AGZLPSMP24IAKRCQGE63S5WQ5AZA	D&H Medical Elastic Bandage Wrap – 8 Pack Premium Compression Bandage Rolls + 8 Extra Clips | 4 Rolls of Each Size (4 Inch x 5 Feet & 3 Inch x 5 Feet), Elastic Bandage for Wrist, Calf, Ankle & Foot	False	False		absent		absent
AECADZLPUNH3BDNACLFF7PSHN5MQ	18Pcs Bath Bomb Gift Set with Natural Essential Oils, Perfect for Moisturize Skin & Bubble Bath, Bath Bombs for Women ,Best Choice for Valentine's Day, Christmas, Mother's Day and Birthday Girls Kids	False	False		absent		absent
AGJCY367YVSJCO37I5J27TL7RKWQ	Tylenol Extra Strength Rapid Release Gels 500 mg (290 Count)	False	False		absent		absent
AG6IWFHLF3ORWZY5WHKRZCQJEGIQ	Honey Pot Super with Wings Herbal-Infused, 16 Pads (Pack of 2)	False	False		absent		absent
AGUXDF2TIARFYX4DAKEVCNOHRSWA	Activated Charcoal Teeth Whitening Powder + 2 Bamboo Toothbrushes | Natural & Organic Food Grade Coconut, Peppermint | Alpine Choice	False	False		absent		absent
AE33AH5MKIN2ULI35I7L6564LOYA	Organic Camu Camu Powder: Guaranteed Purest Source, 100% Raw, USDA Organic CamuCamu, Packaged in USA by Maju Superfoods	False	False		absent		absent
AESWZGOSDDULZ2TWG6GLDEU2X5JA	Professional Salon Hair Straightener 2 in 1 Tourmaline Ceramic Flat Iron for Healthy Styling 1 Inch Curling Iron Adjustable Temperatures LCD Display Straightening Iron Dual Voltage for Travel Black	False	False		absent		absent
AFJCRENLUMA36DBN6DQ5TXNU3IMQ	HOPOSO Reusable Cotton Pads Face Zero Waste 12 Pack Cotton Rounds Eye Makeup Remover Cloth Washable Cleansing Wipes Eco-friendly Bamboo Organic Cotton Rounds with Laundry Bag and Makeup Sponge	False	False		absent		absent
AHNDPKFF4DBWSQVGCCOLUXBLEG3A	VANKER 1Pc Red Sexy Body Jewelry Decor Rose Flower Shape Crystal Dangle Belly Navel Ring	True	True	1	1	1	1
AHD33YN5AZRGCEYXYVBFU25TFJJQ	Intpro 253.7NM Wavelength Wand	False	False		absent		absent
AHQPJOUVBB5NHQFE7HDYK6PQMWDA	SPLENDA Diabetes Care Shakes - Meal Replacement Shake, 32 Fluid Ounces Per Bottle (Milk Chocolate, 6 Pack)	False	False		absent		absent
AEUWN5WRG6JX7YCQZEZNJDCHK4UQ	Iconikal Spray-On Glass & Window Décor, Ice Crystals, Frosted Glass Spray Paint, 5-Ounce Cans, 4-Pack	False	False		absent		absent
AF2BUWMSZC6A66ZYZZTL2S2ASOEQ	Sports Illustrated Nutrition Post Workout Supplement - Fruit Punch - Vegan-BCAAs Derived From Sunflower - Workout Recovery Drink for Runners, Cyclists and Athletes - Gluten Free	False	False		absent		absent
AFTOOSUAMZH4RSAHVOO56HAGQ67A	Posture Corrector for Women and Men - Back Braces for Posture Correction Back Straightener Posture Corrector for Neck, Back and Shoulder Pain Relief	False	False		absent		absent
AGJ4ILOLIB23ZZIRVPH7TBGOL52A	Minimalist All-in-One Electric Toothbrush, Disposable Electronic Toothbrush 90 Days Battery Life, IPX7 Waterproof, Pearl White	True	True	1	1	1	1
AFZF2TI2PJFYPS3TZ2YUQ6HBK64A	Atrilly Tooth Gem Kit, Tooth Crystal Set with Light & Glue, Shining Smile DIY Fashionable Tooth Crystal Kit for Starter	True	True	1	1	1	1
AF52BTWKNJBSJHOYS2534AB2ZNNQ	Cordless Auto Hair Curler, Automatic Curling Iron Portable Hair Rotating Curler with Ceramic Coating and 6 Temperature Setting, Intelligent Curling Iron with Full Anti-scalding	False	False		absent		absent
AHLZOVLICKMMHZ6JVWIBV25KLDRQ	Pacific PPE 2 Pack Household Glove Mixed Package Reusable Cleaning Dishwashing Gloves-Latex Free Waterproof PVC Gloves for Kitchen,Gardening Gloves Unlined and Flocked with Cotton Liner(Blue&Purple,M?	False	False		absent		absent
AHF4JSTAUVIJABX6V26ASVAA3BQQ	Dog Grooming Clippers, Cordless Dog Clippers for Thick Coats, Professional Dog Grooming Kit, Dog Hair Trimmer, Low Noise Dog Shaver Clippers, Quiet Pet Hair Clippers Tools for Dogs Cats Black	False	False		absent		absent
AG34LAYJUKY7QQAOSX23HBG6P6QQ	Krill Oil Brain & Vision Formula with Lutein. Supports Cognitive Function, Improved Memory, Protects Eyes & Boosts Vision	False	False		absent		absent
AH34LRFWBT5CBYAOWKT52Z7X5LOQ	TZTZBOM Organic Sore Throat Tea for Colds and Sore Throat, Cough Relief (20 Tea Bags)	False	False		absent		absent
AFCUWRLIV6E3Y323DN2AJVMTPJ7A	Diphenhydramine HCI 25 Mg Allergy Medicine and Antihistamine Generic for Benadryl Allergy Mini Tabs 100 per Bottle 3 Pack Total 300 Tablets	False	False		absent		absent
AE2V7KO3P6CP6T7TGG2FEVB7L7VQ	Biz Laundry Detergent Powder Booster, Stain & Odor Removal - 80 Ounces	False	False		absent		absent
AE5VYOETWS6GKRU6NMKVWIE7KGFQ	Valia Skincare - Hydrate Omega-3 Krill Oil	True	True	1	1	1	1
AFYO3WKBSY7VEGWJMVIMGB4U33EQ	MEGA-T Green Tea Caplets with Probiotics and Acai Berry - 30 ct, Pack of 2	False	False		absent		absent
AGGIGLFPUQ65VNWOO2V7GH7USZ2Q	Filter Tips Bundle - 3 Rolling Glass Tips + King Size Raw Rolling Papers - Lionhead	False	False		absent		absent
AEFU6XKGH6J4ZIYTVVBGEDUCTZHQ	Ice Roller for Face and Eye,Baspee Silicone Ice Face Roller Skin Care Mold,Gua Sha Face Massage Ice Facial Roller,Ice Mold for Face Beauty,Improve Dull Skin/Face Allergies/Eye Puffiness/Dark Circles (Diamond-Pink)	False	False		absent		absent
AFB7P3KAV6OMBOJHHZKGY4676AIA	Lecithin Natural Rapeseed(Sunflower Replacement) Powder – TRY NOW FOR LOW PRICE- Healthy Nervous system, Brains, Liver-Prevents Clogged Ducts and Mastitis-Organic Origin-NO Pesticides-SOY FREE	True	True	1	1	3	2-5
AHCJ6MPGZ2FFZ6MI6IOV3NIN4A5Q	MAGGIFT Removable Natural Boar Bristle Long Handle Body Brush For Dry Skin Brushing, Remove Dead Skin And Toxins, Scrub And Exfoliation Shower Brush Massage Scrubber. Dry Skin Body Brush, 16 inch	False	False		absent		absent
AFJ73SA4LEYX45YT7AAGPHLT6TXA	Posture Corrector For Women, Caretras Back Brace & Shoulder Brace With Lumbar Support, Adjustable Breathable Back Support For Improving Posture & Back Pain Relief … (XXL 39''-43'')	False	False		absent		absent
AFYDLOORGYPO4JUT2AK5AVBAMZJA	US Organic 100% Pure Peppermint Essential Oil - USDA Certified Organic - 10 ml Pack of 2 - w/Improved caps and droppers (More Size Variations Available)	True	True	1	1	1	1
AFGDTX6XTSPB3GYWZNA3UHXRISIA	Manicure Scissors Stainless Steel Curved for Adult - Nail Scissors Ayurvedic Metal - Fingernail Scissors Professional for Men and Kids - Toenail Scissors Surgical - Toe Nail Scissors for Thick Nails	False	False		absent		absent
AH7WILCJLVJQO3ZR7UYFELK6HUEQ	Pro Electric Razor for Women, Painless Lady Shaver Women Bikini Trimmer Body Hair Remover for Legs Underarms Wet and Dry Cordless Rechargeable Waterproof with LED Display	True	True	22	>10	20	>10
AGZVTHSMACK436CWAZUQMRI2HI6A	ChiTronic 5 in 1 Multi-Function Portable Facial Skin Care Electric Massager Scrubber with Facial Latex Brush Cosmetic Sponge (Batteries not Included)	True	True	1	1	1	1
AHM4ZY7DYFAK4WN6IWFUFHIN27RA	YUTIA Womens Girls Winter Over Knee Leg Warmer Knit Crochet Socks Leggings	False	False		absent		absent
AHFB7TO6ZPYLVPL2P3BKGQBQQ7DA	Singular Metallizing Party Gift Paper Bags Medium Size (Set of 12) Horizontal (12.2'' X 10'' X 4.7''), Gold) Best for Christmas, Thanksgiving Gift	False	False		absent		absent
AHELR6PA6USAE7INIR5JY5TKT7GA	Spa Massager with Hot Bubbles	False	False		absent		absent
AGVATCSTIN2CWCOS2J6TXKMPGKQA	DUOKE 6 pcs/Box Self Heating Flexible TDP Moxibustion Adhesive Pad Self-Heating Dephlogisticate Analgesic Pad 16 Hours Therapy	False	False		absent		absent
AGHWHCSFSQ67AYGSYACYULID5SBQ	Electric Razor for Women, ISTON Rechargeable Wet and Dry Painless Womens Shaver Body Hair Remover for Legs Underarms and Bikini Trimmer Cordless Waterproof Hair Lady Shaver with LED Light	False	False		absent		absent
AG5RW7SJWUDQSAEA6WWEHYKF3HPA	2 Pack- Liquid Oxygen O2 Drops - Premium Concentrated Liquid Oxygen Supplement - 2 fl. oz - Mineral - Health - Healthy Living	True	True	1	1	1	1
AE7QPSZ6D6EBMTZQGS6HCW2RZKSQ	Trexphinal Natural Energy Supplement - Boosts Performance	False	False		absent		absent
AFQRS42BPH6W5Y7P6VVSBQWIZE6Q	It Stays Body Adhesive 2oz.	False	False		absent		absent
AFDWCFXVGDVWLN534LOVJMAAOXEQ	Natural Thyroid Support Dietary Supplement Improve Thyroid Function Powerful Antioxidant Increase Energy Reduce Fatigue Support Immune System Boost Metabolism for Women & Men by Nature Bound	False	False		absent		absent
AEP2ABOBQNZD45HAE5GCEVZ5KOFQ	Sole Sticker Crystal Clear 3M Sole Protector for Christian Louboutin High Heels	False	False		absent		absent
AFY2OFWKK5COYGC5IO3SPAPRAOXQ	Avon SKIN-SO-SOFT Bug Guard PLUS IR3535® Insect Repellent Moisturizing Lotion - SPF 30 Gentle Breeze, 4 oz	True	False		absent		absent
AGV5RMN6RNZS4SMIMAT2NRDRKFPA	100 Party Cups, 9 Oz Gold Cups, Plastic Wine Cups, Disposable Plastic Party Cups for Cocktail, Margarita, Wedding, Beer, Bridal Shower, Fancy Gold Rim Plastic Cups by HOMELY CONNECT	False	False		absent		absent
AEAMILYYZ3GN66KCOICYGSAN4XGA	Maxocum by Maxocum	False	False		absent		absent
AH75QPSA5SZFAT3Z54IFV5M32RAA	Anti-Slip Eyeglasses Nose Pads, Rewoot 25 Pairs Glasses Adhesive Thin Nosepads for Glasses Eyeglasses Sunglasses (Transparent,1mm)	False	False		absent		absent
AEGUI7BHF2LNMUZF5MTLOQAJUNOA	3 Pairs Compression Socks Women Men 20-30mmHg Graduated Knee High Stockings-L/XL	True	True	1	1	1	1
AEQD34XTBZKOCPEG5VRBY2IKSN6Q	Cozyhealth Heated Cervical Collar for Neck Pain Relief, Neck Support Brace with Heat Therapy for Spinal Pain and Pressure Relief, Adjustable 3 in 1 Foam Neck Brace Collar for Women and Men (4 Inch)	True	True	1	1	1	1
AFEPK5EMMTVHM2QDGJEN4KWAKWLA	Restore 100% Whey Isolate Protein Powder – 25g Whey Protein Isolate with 10g Multi Collagen Support – Fast Absorbing Chocolate Protein Powder for Men and Women – Chocolate Caramel Cookie Flavor	False	False		absent		absent
AHX42Y3TATT7ODX5TNIFTS3VKAHQ	Energy Gummies Vitamin B12 1000mcg Methylcobalamin Methyl B12 + Folic Acid Energy Supplement – Natural Raspberry Flavor - Vegan, Pectin Based, Non-GMO, Gluten Free	False	False		absent		absent
AHWPN5Z63UMISYQVBDL35FEYOWFQ	WINLOVE White Steerable Knee Walker Roller Scooter with Basket Dual Braking System for Angle and Injured Foot Broken Economy	False	False		absent		absent
AFRMIUWL3IOIKK5SBBWBNDD4WTLA	Door Cover for Events, Holiday and Parties, 30 x 60 inches (Silver)	False	False		absent		absent
AHXXNIOSAR5KLYFFMGF2NYDFXY7Q	Johnson's Moisturizing Baby Lotion with Apple Extract, Hypoallergenic, 27.1 fl. oz	False	False		absent		absent
AG2TGEIKFWACCWRHZWZHTH2CL4LA	(5 Pack Pieces per Box) Craft & Soul Mattana Face Mask Cover Reusable Washable Comfortable Fabric Cloth	False	False		absent		absent
AH5RFS2ANNFDNLCSFKWOR4TFIJTA	Mini Wooden Accessories Bucket Plus 2 Free Bags of Foot & Bath Herbs Samples $7 Value	True	True	1	1	1	1
AHJCWWRYMPE3IF4YNNDW4AOHO7KQ	Vive Knee Brace - Open Patella Support for Arthritis, Joint Pain, Meniscus, ACL, Pains, Injury Recovery, Strains, Pulls, Tears and Swelling Relief - Adjustable Stabilizer - Athletic Running Wrap	True	True	1	1	1	1
AGYX36PXU66BOET5P77UWKUMUQLQ	Aromatherapy Gifts for Women- 12Pcs Shower Steamer Aromatherapy Self Care Gifts for Women Christmas Gifts for Stress Relief Home SPA Gifts for Women- Stocking Stuffers for Adults (4 Scents)	False	False		absent		absent
AHAYPUOVYAFZA2WXVDCXBU62KDVA	ASUTRA Natural & Organic Yoga Mat Cleaner (Mindful Lemongrass Aroma), 4 fl oz | Safe for All Mats & No Slippery Residue | Cleans, Restores, Refreshes | Comes w/Microfiber Cleaning Towel | Deep-Cleansing Natural Cleaner for Fitness Gear & Gym Equipment	True	True	1	1	1	1
AHEUVUCF4DDDHKDOI2JJRQFBNZMQ	Inner Valley Premium Lumbar Support Back Cushion - Dual Strap - Memory Foam Lower Back Pillow – Backrest Helps Support Correct Posture for Back Pain Relief	False	False		absent		absent
AGK5FHPJXPI75CVFCUKFFKLIF3VQ	Sound Machine with Night Light, White Noise Machine for Sleeping Adults Baby Kids, 16 Soothing Sounds for Sleeping, Powered by USB, White Noise Maker for Bedroom Home White	False	False		absent		absent
AEZAIHLURHNS7CW6MOLOMSOD75IQ	Westside Barbell Smelling Salts, Ammonia Inhalant for Athletes, Weight Lifting, Power Lifting, Increase Focus and Alertness (2 Oz, 3 Pack)	False	False		absent		absent
AG77HOERUUW7YFIHI5Q6HEQYW2LA	INMY Arch Support Insoles, Running Athletic Gel Shoe Insoles for Men/Women Plantar Fasciitis Orthotic Inserts , Flat Feet Foot High Arch for Pain Work Boot Shoe Insole Heavy Duty Support Pain Relie	False	False		absent		absent
AHXEGASFWY6FBBGKULNNQXXJWCKA	New! WarmUp Instant Coffee Protein Powder, Made With Real Espresso, Rich & Bold Taste. 0G Sugar/Carbs. 15G Hydrolyzed Whey Protein. ZERO - Soy, Gluten, Lactose. Add MCT For Keto Coffee. 18 Servings	False	False		absent		absent
AHOW2ZZ6ZQBCU3S65CWTO736HYRQ	"MediCrystal Non-Electric Amethyst Pillow 20""x12""x4"" - Healing Crystals Naturally Release Infrared Rays & Healthy Negative Ions Using Body Warmth - Matches Purple MediCrystal Bio Stimulation Mats"	True	True	1	1	2	2-5
AEQ6P4YGW6NO3JICID7U73FG6HLQ	Truvani Daily Organic Multivitamin Supplement - Vegan, Non GMO Tablets with Iron & Biotin - Dairy, Soy, & Gluten Free - 30 Day Supply (90 Tablets)	True	False		absent		absent
AF55UGXXKNOVOVCCHCZFHTRRPQUQ	JUNP Hydration Electrolyte Powder, Electrolytes Drink Mix Supplement, Zero Calories Sugar and Carbs, Kosher, Peach Flavor, 90 Servings	True	True	1	1	1	1
AF5QVEMAHL2ZN7BTEQ2QXX6HJSMA	Ultimate Food Sensitivity Test Kit for Adults by SSC, 900 Items Tested | Accurate Hair Strand Test for Food Intolerances| Tests Gut Health, Digestion, Additives, Vitamin & Minerals	False	False		absent		absent
AFD7XHUXBUAAGST46GZHZZPXYSSA	Bekith Silver Pill Box Medicine Case for Pocket or Purse, Set of 4	True	True	2	2-5	3	2-5
AE2G43TSRIY2IGH3G7QCXLISYTWA	Breathalyzer, Portable Breath Alcohol Tester Digital Alcohol Detector for Drive Or Home Use, High Accuracy Semiconductor Sensor Personal Breathalyzers with 5 Mouthpieces	False	False		absent		absent
AHL6LDYWUDOBBBR6RCSJVX72J2LA	MONQ Essential Oil Blend, Roll On, RELIEVE - Pure Essential Oils in a Carrier Oil Blend - Topical Aromatherapy - Feel Supported with this Blend of Ginger, Spikenard and Helichrysum - Doctor Approved	True	True	2	2-5	3	2-5
AEO6RSWV5YHN2WIEEK7AE4GXKILA	AUVON 29 Modes Digital TENS Unit Muscle Stimulator for Pain Relief, Dual Channel Tens Machine with 8 Electrode Pads, Stim Machine for Back Pain, Neck Pain, Knee Pain and Muscle Pain etc.	False	False		absent		absent
AHA5LXXNMFI335KXDNJTIX4HPDHA	Soft 'N Style Applicator Bottle, 8 oz	False	False		absent		absent
AGU6WMIX4XEQNIP4HM3RKRSHF4RQ	Greephil Teeth Whitening Pen (4 Pcs), Teeth Whitening Gel for Teeth Whitener, Teeth Whitening Kit, Effective, Painless, No Sensitivity, Travel Friendly, Beautiful White Smile, Natural Mint Flavor	False	False		absent		absent
AHBDPVXHGNIRMIGLCRCABCOLFJTA	Premium Cotton Balls (200 Count) Absorbent Natural Cotton Balls for Skincare and Makeup Removal, Hypoallergenic Soft and Multi-Purpose for Applying Oil, Lotion, Powder, and for Baby Care	False	False		absent		absent
AEDFFG5A56TWHGAIIC5WQELZZALA	ICan Icelandic Cod Liver in Own Oil Flavor:Natural Size:Pack of 6	False	False		absent		absent
AFCW7BZJY5DOQZIXKR2EAU63X2SA	Bath long-handled body back brush with non-slip, bath ball, bathroom silicone shampoo brush, head massager, suitable for exfoliating, wet and dry brush for men and women (3 pieces) (Blue 3-piece set)	True	True	3	2-5	3	2-5
AFYOUD6JHLIXCTM2NYWNARHGVFMQ	Oopee Toilet Room Spray - Odor Eliminator For Strong Odor Room Fresheners - Toilet Spray For Poop Odor Eliminator - Air Fresheners For Home Room Fresheners - Travel Size Bathroom Spray - Sea Salt Scent	False	False		absent		absent
AH2RP3F6O7WJY2C7RDK7RGZZYOEQ	Men's Electric Foil Shaver Electric Razor for Men Beautiplove Series 7613 Men's Electric Shavers with Pop-up Precision & Sideburn Trimmer, Rechargeable, Wet & Dry Foil Cordless Shaver, Silver	False	False		absent		absent
AE4WESMQI67UDSEO3KN2E3ZBOI6A	Sharper Image Spahaven Foot Bath, Heated Spa with Massage Rollers & LCD Display, 108 Degree Heat with Insulated Walls & Pumice Stone, Soothe & Rejuvinate Tired Feet, Aromatherapy Holiday Gift	True	True	1	1	1	1
AG2OLSOARQJ5HJENLROBDJQZXC3A	Pembrook Walker Bags for Rolling Walker - Wheelchair Bag & Walker Bag | Wheelchair Travel Case | Wheelchair Accessories for Adults | Gifts for People in Wheelchairs	False	False		absent		absent
AEMUZS457EP65K5YMBVNY2Q73OQA	DII Women's Adjustable Shower Wrap with Self-Fastening Closure, Small/Medium, Ruby	True	True	1	1	1	1
AGTTQXU5LOJRR3CVNA3ODBP2JEFA	Mikako Back Massage Roller Rope Tool,Wood Therapy Lymphatic Drainage,maderoterapia Colombiana Massage Tool Wood,Portable Handheld Rolling, Massage Strap for Back, Neck, Shoulders, Legs	True	True	1	1	1	1
AFHWUKIP4IJHDAHNXX6OV6T3S4CA	Christmas Apparel Box Bundle (20 Boxes Total)	False	False		absent		absent
AHOEMNCGNZJMIS5RHBTTKMDDQU3A	GreenFist Hydrogen Peroxide Ready to Use All Purpose (Glass, Carpet,Stain Remover) Cleaner (1 Gallon)	True	False		absent		absent
AHKKEVNMJE7HULTTXQEGMMNEGX3A	Double Sunglasses, Glasses Holder for Sun Visor - Conveniently Holds Sunglasses or Parking Ticket	False	False		absent		absent
AHVSX6VUOH2WEOV5B45YBIZY6N2A	Baru Nuts, Avoria's Crunchy Unsalted, Roasted Baruka Nuts, Unique, Unmatched Flavor,Low Calories, High Protein and Fiber, In 12 Oz Resealable Pouch,	False	False		absent		absent
AEZQCM7Q3VR7UBWVUS6TU654HWMA	Professor Fuzzworthy's Luxury Huon Pine Premium Shaving Brush | Handmade with Natural Tasmanian Timber - Lasts a Lifetime | Best Shave Brush for Beard, Hair/Head & Body - Tassie Timber Things	False	False		absent		absent
AF4L4AURVO44ETYPQP4PU4SHI6OA	Set of 3 Nose Rings 18 Gauge 1/4 Diameter for Very Small Nostril	True	True	1	1	1	1
AEPHG5PL4OFS4OTS46RHVH7X4C5A	Carlson - The Very Finest Fish Oil, 1600 mg Omega-3s, Liquid Fish Oil Supplement, Norwegian Fish Oil, Wild-Caught, Sustainably Sourced Fish Oil Liquid, Lemon, 200ml, 6.7 Fl Oz	True	True	1	1	1	1
AHQUHSDKN3Y3NZTRM72JRA4UVOGA	SMART FOR LIFE Multivitamin Gummies Gift Set - 180 Vegetarian Friendly Multi-Vitamin Gummies - All Essential Vitamins A, B6, C, D, E, Biotin and Zinc - Doctor Designed Great Immune Support	False	False		absent		absent
AEIVRG4MS3GFRPWL7PU76N5AUSUA	4 Piece TENS Lead Wire Adapterss - Convert 2.0mm Pin to 3.5mm Snap	True	True	15	>10	3	2-5
AF3WCW3MWBDIVZK4YSYYTIRCEEMA	Wartenburg Neuro Pinwheel. Stainless Steel. 1 Round	True	True	1	1	2	2-5
AFM2GYAW4HAQ3GOA4F54CVGVKHEQ	Reading Glasses 3 Pack with Red, Black & Grey Always Have a Stylish Look & Crystal Clear Vision When You Need It! Comfort Spring Arms & Dura-Tight Screws 100% Guarantee +2.00	False	False		absent		absent
AEAK465CNJ6B46V6WYQQR6H653JA	"Sarah Wells ""Lizzy"" Breast Pump Bag Limited Edition Summer 2015 (Red)"	True	True	1	1	1	1
AEAXXOKMPWXXIVZB3P5W5E6ZCL3Q	SOLARICARE 60 Cap Bottle 240mg 20:1 whole herb extract of polypodium leucotomos	False	False		absent		absent
AFCN3NXL4Q45GEPLW6GJAJBMVJ7Q	Mask Toilet Spray, Unscented, 2-Ounce (3-Pack), Deodorizer Bathroom Spray	False	False		absent		absent
AHONEIA3ZXILNT73BLHNEFWRVTVA	EIVOTOR Sonic Facial Cleansing Brush with 4 Modes, Waterproof Sonic Vibrating Face Brush for Deep Cleansing, Gentle Exfoliating and Massaging, USB Rechargeable(Pink)	False	False		absent		absent
AHSRXEAKIZWDKIKTZF2HOG6NF2CQ	Teeth Clean Tools Kit, OUZIGRT Teeth Whitening Kit For Home & Pet Oral Use	False	False		absent		absent
AGSPIUWZ6JJ6N2HKLHGV7VBSN6HA_1	1875 Watt Negative Ionic Hair Dryer, ENISECA Precise Wind Heat/Speed Setting Tech Professional Salon Blow Dryer Fast Drying Low Noise with Powerful AC Motor and Diffuser Comb for Women Men, Grey	False	False		absent		absent
AG3HKK7MIKRQ7DOTNDOE63X2WJGQ	Omega 3-6-9 Gummies + DHA, Supports Brain, Joint, Heart, Eyes and Immune System Function for Men & Women - Vegan, No Fish, Gluten-Free	False	False		absent		absent
AGRBVBL3XMHV6UEXVHJWL2XRK5KA	10 Pounds All-Natural Washing Soda (Soda Ash), Product of the USA. Eco Friendly Recyclable Bag, and Biodegradable Scoop.	False	False		absent		absent
AHPFHP43AXWRYZZ4HPNCW7I7J3ZQ	KORESELECT Wellness - Blood Circulation Supplements, 100% Vegan, Korean Red Panax Ginseng Extract, Dietary Herbal Supplement for Men & Women, Stress Relief, Immune System Support - 45 Softgels Pills	False	False		absent		absent
AHKUX4NECE4FC4OALW6LD3HCMYQA	QHZHANG Happy Birthday Novelty Toilet Paper,a novel collectible toilet paper fun birthday gift/party gifts/ fun prank gift /anniversary gift, happy birthday (1PCS Novelty Toilet Paper)	True	True	1	1	1	1
AFPJ6JGIYMREPOFCLW3NG5PAJIFA	Biotin Hair Vitamin Gummies - Formulated For All Hair Types With Biotin, Vitamin A, C, D, E, & B6, & Folic Acid - Hair, Skin & Nails Vitamins - Hair Growth Vitamins - Vegan - 5,000MCG -60 Gummies	False	False		absent		absent
AEFCBDJLGMREZFOOPQ5PYNDCDI5A	Laundry Detergent or Fabric Softener Cup Holder & Drip Tray Catcher (3D Printed), fits Most Economic Sized Bottles, no More Drips or Mess (2, New Design)	False	False		absent		absent
AGZJBHL7RGZSVFRUJYCQCQLEFIWQ	&&&&&&&&&&&&&&&&&&&&&&&&&&&&&&	False	False		absent		absent
AGXCJ7DZVUFZ22GP6UOAWTCHC5FQ	Car Rack & Carriers Universal 2 Pairs J- Shape Rack HD Kayak Carrier Canoe Boat. Surf Ski Roof Top Mounted on Car SUV Crossbar	True	True	1	1	1	1
AFD4YL5FWF3STKA2EVS3VMMX6KBQ	3 Pcs Electric Shaver Head For Philips Norelco 7310XL 7315XL 7325XL 7340XL 7345XL 7350XL	True	True	1	1	1	1
AFZHA4NFKM447GZUKTUGKLNVDZRA	US Organic 100% Pure Peppermint Essential Oil - USDA Certified Organic - 10 ml Pack of 2 - w/Improved caps and droppers (More Size Variations Available)	True	True	1	1	1	1
AEWZZBHENHCKKNLMAMEDHLNCNPXQ	Shoe Polish Kit Black	False	False		absent		absent
AGWJJXAXZVOL374YUFQ4PWE3IW7Q	SparkleBrite - 1st Class Edition - Professional 3D At Home Teeth Whitening Kit - Let your Smile Sparkle Again!	False	False		absent		absent
AH4KPUEN4YPA66RPOVPVDODQV7GA	Mardi Gras Decorations Set— Mardi Gras Decorations for Party— Mardi Gras Porch Sign Hanging Banner for Indoor/Outdoor Decoration Mardi Gras Masquerade Party	False	False		absent		absent
AEQWQQVPC4X6KXR4RCLANA7ZAK5Q	Thyroid Support Supplement - All Natural Herbal Blend for Weight Loss Advanced Formula for Boosting Energy Levels and Metabolism - Improving Thyroid Hormone Levels with - Vitamin B-12, L-tyrosine, Iodine, Zinc, Molybdenum and Schizandra Herb Powder Best Premium Quality Ingredients - Guaranteed By Quality Nature.60 CAPSULES	True	True	1	1	1	1
AGALUCDE7GBLWIQHKZQLROF4MNNQ	Alternatives Replacement Jet Tips Dental Water Jet Nozzle Accessories Compatible with waterpik Wp-100 Wp-450 Wp-660 Wp-900	True	True	1	1	1	1
AGWCASAE43BTRNL6ZAVJ7MMW73YA	PineTales® Multivitamin | Daily Well Being Formula | Made in USA	False	False		absent		absent
AGBCCB4GMBG76DQMJORDJDBSPMPA	Noise Cancelling Ear Plugs by EarJoy - for Swimming Sleeping Musicians. Reusable. for Shooting Swim Concerts Sleep. Earplugs Sound Blocking. Silicone Base. Best Sound Reduction.	True	True	1	1	1	1
AEDIPI45R2GSBGNY4ODP7SQGZTUQ	MONQ Essential Oil Blend, Roll On, RELIEVE - Pure Essential Oils in a Carrier Oil Blend - Topical Aromatherapy - Feel Supported with this Blend of Ginger, Spikenard and Helichrysum - Doctor Approved	True	True	3	2-5	4	2-5
AFKNLBJCWHKFTYULTIDA4IHEQ2TQ	Xanitize Fleece Sweeper Mop Refills for Swiffer - Reusable, Dry Duster, for Hardwoods, Laminates - 5-Pack Rainbow	False	False		absent		absent
AEOZB4XTEZ2RI4CK5WI4C4OKSNAQ	Daily Pill Organizer - (Pack of 3) Round 7 Day Weekly Travel Medication Cases with Automatic Push Button Pill Dispenser Compartments, Great Pill Reminder Box to Organize Your Pills and Vitamins	False	False		absent		absent
AFBJF7B7CNLOTZXGS3XUEXZQQDRA	Natural Teeth Whitening Pen with 4x3ml Tooth Whitening Gel Removes Stains Safely,30+ Uses Effective, Painless, No Sensitivity,Travel-Friendly, Easy To Use,Best Effective Tooth Whitener	False	False		absent		absent
AFEJVPVJSBAWAPQX6EEFI66ZZEJA	"TOROS-GROUP Posture Corrector Brace - Back Shoulder Clavicle Support - Large, Waist/Belly 36"" - 39.5"" White"	False	False		absent		absent
AGLK6QX27JOIXGHBEA74KJJZY6AA	Stylish Essential Oil Key Chain with 8 5/8 Dram (2 ml) Vials and Blank Labels - Fits Easily in a Purse or Makeup Bag - Carry Your Favorite Essential Oils Everywhere You Go! (Black/White Windsor)	False	False		absent		absent
AFMBPCWHW374TUBIABY2Q55UWPLQ	Pure African Mango - Appetite-Busting! The Ultimate All-Powerful Formula Includes Super Strength Olive Leaf and Licorice Root. 1200mg, 60 Vegetable Capsules, no fillers.	False	False		absent		absent
AHUKDO2I4SGCW4WSSO2UNGP4EQKQ	The LightDoctor 10, Near Infrared Red and LED Light Therapy with Safety Timer & Custom Carrying Case.	True	True	1	1	1	1
AGT4XCG4DBVBSOTSJRCEHYNMXGJA	OrthoDoc's High Heel Cushion Inserts - Metatarsal Pads for Women & Men - Mortons Neuroma Pads for Women & Men - Shoe Pads for Heels - Ball of Foot Cushions for High Heels - Insoles for High Heels (Bg)	True	True	1	1	1	1
AENGGJFDKQ2NVKLH5AASUYFZMXXQ	Amazon Basics Baby Oil with Aloe Vera & Vitamin E, 20 Fluid Ounces (Previously Solimo)	True	False		absent		absent
AGLJUL6V3Q2GMJNCX5L77TRKCBVQ	Super Organics Amla (Amalaki) Powder | Organic Superfood Powder | Raw Superfoods | Whole Food Supplement | Good Vitamin C Content – Vegan, Non-GMO & Gluten-Free, 8 oz	True	True	14	>10	11	>10
AFRPFE5V7HMW66VES2D3QUQO4ITQ	"Posture Corrector for Women and Men, Vicorrect Adjustable Upper Back Brace for Clavicle Support and Providing Pain Relief from Neck, Shoulder, and Upper Back L(33""-39"")"	False	False		absent		absent
AEBBXF5RHV65T72NG4O6C6X44YFQ	Triphala Capsules (Non-GMO) Super Strength: 50% Tannins Extract - 1200mg - Vegetarian - 120 Veggie Caps	False	False		absent		absent
AEUJC7YYTM6GST7WIHGUS3VJ54AQ	DSHOW PRO Nano Gold Ceramic Curling Iron with Adjustable Heat Control Extra Long Barrel, 1.25 Inch	True	True	1	1	1	1
AGFVKIN2TLNFT4JD65HHNUWX2Y2Q	2 Pieces Large Christmas Outdoor Banner Porch Hanging Sign Merry Christmas Banner for Christmas Decoration Party Supplies Outdoor Indoor, 9.5 by 1.6 Ft	False	False		absent		absent
AGZ4V6A4SVHZS3X47JBKTCOZ2P6A	KORESELECT Wellness - Blood Circulation Supplements, 100% Vegan, Korean Red Panax Ginseng Extract, Dietary Herbal Supplement for Men & Women, Stress Relief, Immune System Support - 45 Softgels Pills	False	False		absent		absent
AECO2ZWV634CZOOCC7MQ23TC3GMQ	Sports Illustrated Nutrition Post Workout Supplement - Fruit Punch - Vegan-BCAAs Derived From Sunflower - Workout Recovery Drink for Runners, Cyclists and Athletes - Gluten Free	False	False		absent		absent
AHBYCA5LEXVVF4OOFMHKVS6FK6RQ	MJIYA Hair Scalp Massager, Shampoo Brush Silicone Head Washer Brush Handheld Shower Scalp Scrubber Cleansing Brush (Yellow+Red)	False	False		absent		absent
