case	metric	mean	sample_std	runs
listwise_only	HR1	0.20783132530120482		1
listwise_only	HR5	0.2740963855421687		1
listwise_only	HR10	0.28012048192771083		1
listwise_only	NDCG5	0.24233958997771593		1
listwise_only	NDCG10	0.24434762210623		1
listwise_pairwise	HR1	0.20783132530120482		1
listwise_pairwise	HR5	0.2710843373493976		1
listwise_pairwise	HR10	0.27710843373493976		1
listwise_pairwise	NDCG5	0.24070156663181577		1
listwise_pairwise	NDCG10	0.2427095987603298		1
listwise_sft	HR1	0.20481927710843373		1
listwise_sft	HR5	0.2710843373493976		1
listwise_sft	HR10	0.27710843373493976		1
listwise_sft	NDCG5	0.23972190851256975		1
listwise_sft	NDCG10	0.24172994064108377		1
full_sla	HR1	0.20783132530120482		1
full_sla	HR5	0.2710843373493976		1
full_sla	HR10	0.27710843373493976		1
full_sla	NDCG5	0.24070156663181577		1
full_sla	NDCG10	0.2427095987603298		1
